Date,005930.KS,0700.HK,7203.T,AAPL,AIR.PA,AMZN,ASML,BABA,GOOGL,GS,JNJ,JPM,KO,MC.PA,META,MSFT,NESN.SW,NVDA,OR.PA,PFE,PG,ROG.SW,SAN.PA,SAP,SIE.DE,TSLA,TSM,TTE.PA,V,XOM
2015-01-01,21000.044921875,115.89151763916016,1095.089111328125,25.94911766052246,40.175018310546875,17.726499557495117,93.17619323730469,84.59883117675781,26.675947189331055,138.67811584472656,73.3407974243164,40.2161750793457,29.097835540771484,117.84163665771484,75.38340759277344,34.358734130859375,51.387813568115234,0.4606964588165283,133.7390899658203,18.33407974243164,61.55797576904297,173.36488342285156,53.42475509643555,55.05064392089844,57.014747619628906,13.573332786560059,16.952796936035156,23.737016677856445,58.87952423095703,54.18046951293945
2015-02-01,20876.9765625,119.3155746459961,1154.9644775390625,28.451892852783203,47.09498977661133,19.007999420166016,96.52886962890625,80.83804321289062,27.92053985595703,152.65768432617188,75.07653045654297,45.61053466796875,30.60326385498047,134.5940399169922,78.42218780517578,37.29283142089844,54.269039154052734,0.5293210744857788,136.42984008789062,20.135215759277344,62.613609313964844,180.4779815673828,57.1384391784668,59.118804931640625,63.5252799987793,13.555999755859375,18.311418533325195,25.16385269165039,62.667633056640625,54.874595642089844
2015-03-01,22169.28515625,129.236572265625,1200.8021240234375,27.668071746826172,51.44444274902344,18.604999542236328,90.56754302978516,79.05260467529297,27.52701759338379,151.66842651367188,74.19342041015625,45.089534759521484,28.65963363647461,134.79930114746094,81.649658203125,34.8259391784668,53.53961944580078,0.5041409730911255,144.08169555664062,20.591028213500977,60.267330169677734,186.9635009765625,59.89436340332031,60.7864875793457,64.08531188964844,12.584667205810547,17.52759552001953,24.141328811645508,60.54387664794922,53.07712936401367
2015-04-01,21692.36328125,141.26473999023438,1214.8687744140625,27.828174591064453,52.77226638793945,21.089000701904297,95.95519256591797,77.20071411132812,27.232736587524414,158.486572265625,73.16090393066406,47.0842399597168,28.904569625854492,128.5992889404297,78.22357177734375,41.66096115112305,53.17490768432617,0.5347315669059753,143.32489013671875,20.082021713256836,58.480079650878906,193.82945251464844,59.41875076293945,63.75126647949219,62.05521011352539,15.069999694824219,18.24423599243164,25.62238883972168,61.13628005981445,54.55706024169922
2015-05-01,20107.744140625,136.69932556152344,1250.6258544921875,28.968875885009766,52.77226638793945,21.46150016784668,101.42727661132812,84.8267593383789,27.06153106689453,166.36973571777344,73.85417938232422,49.28529357910156,29.189624786376953,134.74945068359375,78.64067077636719,40.13634490966797,54.761138916015625,0.5330453515052795,144.586181640625,20.567346572875977,58.120059967041016,198.72195434570312,58.0831413269043,62.24360656738281,60.9542236328125,16.719999313354492,18.12479591369629,24.295944213867188,63.570587158203125,53.2020378112793
2015-06-01,19507.73828125,136.15098571777344,1192.3388671875,28.006927490234375,49.5378303527832,21.704500198364258,94.04825592041016,78.13140869140625,26.799510955810547,168.9930419921875,72.40178680419922,50.768798828125,27.95676612854004,130.59432983398438,85.1750259399414,38.06095504760742,50.70475387573242,0.4866315722465515,136.66653442382812,20.009469985961914,58.00883865356445,188.5052490234375,59.34495162963867,60.081512451171875,57.49858474731445,17.884000778198242,16.952796936035156,23.025005340576172,62.26321029663086,52.38286209106445
2015-07-01,18245.08984375,127.35000610351562,1199.6065673828125,27.08475685119629,56.070526123046875,26.8075008392334,89.56848907470703,74.39910125732422,32.62846755981445,165.9821014404297,74.44474029541016,51.34571838378906,29.51666259765625,141.85464477539062,93.35786437988281,40.2592658996582,54.98649597167969,0.48275989294052124,145.50717163085938,21.5192928314209,56.86707305908203,200.80848693847656,65.88877868652344,61.313419342041016,62.01064682006836,17.74333381652832,17.02956199645996,24.143627166748047,69.85719299316406,49.87074279785156
2015-08-01,16767.0078125,115.99674987792969,1045.3858642578125,25.177881240844727,50.42007064819336,25.644500732421875,82.20756530761719,62.79383850097656,32.14809799194336,152.65139770507812,69.8165512084961,48.34046173095703,28.252071380615234,123.53071594238281,88.80963134765625,37.51783752441406,53.55924987792969,0.5439820885658264,130.43113708496094,19.227718353271484,52.825321197509766,189.94422912597656,59.29787063598633,57.540679931640625,56.2957878112793,16.604000091552734,15.311966896057129,21.856487274169922,66.1111831665039,47.371219635009766
2015-09-01,17459.861328125,113.79651641845703,1013.2626953125,24.74007225036621,45.92401885986328,25.594499588012695,79.4619140625,56.003517150878906,31.679141998291016,141.12486267089844,69.8790512084961,45.98000717163086,28.826889038085938,126.48080444335938,89.27638244628906,38.407386779785156,55.0240478515625,0.5990025401115417,132.4384307861328,18.890819549560547,53.77465057373047,184.90782165527344,57.091949462890625,55.427608489990234,50.87367248535156,16.559999465942383,15.98205852508545,21.532424926757812,64.69634246826172,47.248878479003906
2015-10-01,21124.271484375,129.02218627929688,1100.950439453125,26.80361557006836,54.99424743652344,31.295000076293945,83.80619812011719,79.6129379272461,36.59300994873047,152.2842254638672,75.62804412841797,48.45357894897461,30.69280242919922,140.9405059814453,101.26264953613281,45.679283142089844,56.789329528808594,0.6893996596336365,141.83425903320312,20.340261459350586,57.09352111816406,193.0380096435547,61.77281951904297,67.33612823486328,58.23044204711914,13.795332908630371,16.91402244567871,24.00811767578125,72.05201721191406,52.58066177368164
2015-11-01,19769.359375,135.79893493652344,1128.662353515625,26.53445816040039,59.40351867675781,33.2400016784668,83.74298095703125,79.85035705566406,37.85647201538086,154.33094787597656,75.7852554321289,50.64897918701172,30.888484954833984,131.9239959716797,103.51690673828125,47.16316223144531,57.35270690917969,0.7708057761192322,143.158203125,19.708757400512695,56.44517517089844,198.2183074951172,56.74894714355469,67.5842056274414,62.45612335205078,15.350666999816895,17.53019905090332,25.560813903808594,73.38013458251953,51.89433288574219
2015-12-01,19399.841796875,134.21473693847656,1103.7513427734375,23.710674285888672,53.81381607055664,33.794498443603516,80.17539978027344,77.18171691894531,38.608787536621094,146.880859375,77.4599838256836,50.15525436401367,31.373685836791992,120.41438293457031,103.9339828491211,48.46824645996094,56.000587463378906,0.8039793372154236,132.65196228027344,19.570764541625977,59.891929626464844,198.8658447265625,52.86166000366211,67.66976165771484,57.19948196411133,16.000667572021484,17.522499084472656,22.44184684753418,72.15360260009766,49.968467712402344
2016-01-01,17990.41796875,127.52603149414062,1061.29931640625,21.926633834838867,50.185726165771484,29.350000381469727,82.94818115234375,63.65805435180664,37.78202819824219,131.66554260253906,78.75701904296875,45.19518280029297,31.344451904296875,124.21300506591797,111.43161010742188,48.127540588378906,56.488861083984375,0.7144586443901062,134.5738525390625,18.485511779785156,61.61153030395508,189.8722686767578,51.482948303222656,68.26862335205078,56.11759567260742,12.74666690826416,17.214406967163086,22.582117080688477,69.30652618408203,49.90436553955078
2016-02-01,18428.4453125,124.88574981689453,869.233642578125,21.78021240234375,51.886932373046875,27.625999450683594,82.20756530761719,65.3485107421875,35.59207534790039,121.86154174804688,79.337646484375,43.051395416259766,31.497831344604492,128.90664672851562,106.17829895019531,44.44960403442383,52.657833099365234,0.7649514079093933,133.24986267089844,17.98836898803711,61.083438873291016,184.90782165527344,49.22322082519531,64.45309448242188,56.8216438293457,12.795332908630371,18.138675689697266,22.833215713500977,67.35266876220703,51.378746032714844
2016-03-01,20524.71484375,139.4073486328125,877.3406982421875,24.684106826782227,50.645748138427734,29.68199920654297,90.67037200927734,75.05438995361328,37.85894775390625,128.48880004882812,82.18367004394531,45.28425979614258,33.87861633300781,126.14076232910156,113.30850219726562,48.596282958984375,53.9724006652832,0.8722739815711975,134.48841857910156,18.150848388671875,62.6202278137207,170.30226135253906,47.65620803833008,68.79901885986328,61.93465805053711,15.317999839782715,20.17976188659668,22.107519149780273,71.29845428466797,54.07024383544922
2016-04-01,19476.576171875,139.84739685058594,848.4116821289062,21.23027801513672,47.399559020996094,32.97949981689453,87.247314453125,73.06954193115234,35.128578186035156,134.3247833251953,85.1307601928711,48.327667236328125,32.97257995605469,121.61479949951172,116.76437377929688,43.880069732666016,53.70949172973633,0.8698257207870483,135.34255981445312,20.030838012695312,60.9541130065918,180.00228881835938,48.49687194824219,67.25912475585938,60.584930419921875,16.05066680908203,18.16948127746582,24.59299659729004,72.00697326660156,57.181583404541016
2016-05-01,20211.83984375,152.52076721191406,867.7686767578125,22.616342544555664,48.62338638305664,36.13949966430664,90.30009460449219,77.87499237060547,37.16171646118164,130.53509521484375,85.59407806396484,50.28006362915039,32.82537841796875,122.50491333007812,117.98583221435547,46.634117126464844,56.90141677856445,1.1437731981277466,147.01658630371094,21.24946403503418,62.15908432006836,193.66015625,49.55949020385742,69.35509490966797,64.35486602783203,14.881999969482422,19.039831161499023,24.450233459472656,73.591796875,57.582637786865234
2016-06-01,22292.47265625,155.48931884765625,758.0783081054688,21.783353805541992,45.99473571777344,35.78099822998047,90.66985321044922,75.52924346923828,34.9127082824707,122.11190795898438,92.79164123535156,47.86891555786133,33.36265563964844,115.65895080566406,113.48725128173828,45.33883285522461,58.258060455322266,1.153861165046692,149.71495056152344,21.754873275756836,64.94334411621094,190.0972442626953,52.542259216308594,65.2712173461914,61.043704986572266,14.152000427246094,20.202856063842773,24.285091400146484,69.26741027832031,61.1453857421875
2016-07-01,24093.08984375,164.672119140625,884.4248046875,23.745227813720703,46.79494857788086,37.94049835205078,100.1837387084961,78.33084869384766,39.27027893066406,130.51951599121094,95.79800415039062,49.27864074707031,32.357704162597656,130.45645141601562,123.08023834228516,50.220943450927734,60.23487854003906,1.4015204906463623,148.19166564941406,22.79287338256836,65.64898681640625,183.7136688232422,53.404876708984375,76.03373718261719,64.57428741455078,15.652667045593262,22.199806213378906,24.288293838500977,72.89095306396484,58.02091598510742
2016-08-01,25361.1484375,178.18141174316406,936.0440063476562,24.17588233947754,46.492645263671875,38.45800018310547,97.37799835205078,92.30085754394531,39.19634246826172,139.27239990234375,91.29228973388672,52.4027214050293,32.20939254760742,129.01071166992188,125.24512481689453,50.91204071044922,60.700016021728516,1.5055917501449585,147.40829467773438,21.50154685974121,67.49304962158203,177.99813842773438,48.4395866394043,76.53838348388672,71.17666625976562,14.133999824523926,22.966968536376953,24.28261947631836,75.55254364013672,56.84027862548828
2016-09-01,25016.73828125,188.07057189941406,867.1685180664062,25.899051666259766,47.87080001831055,41.865501403808594,100.1471939086914,100.4682388305664,39.90151596069336,133.05967712402344,90.96951293945312,51.69625473022461,31.38616180419922,129.0957794189453,127.38021850585938,51.35419845581055,59.3433837890625,1.6849241256713867,146.32025146484375,21.100893020629883,69.37924194335938,178.8888397216797,47.43671417236328,79.53136444091797,69.2817153930664,13.60200023651123,24.44536018371582,23.95317268371582,77.36759948730469,57.4171028137207
2016-10-01,25658.587890625,181.71327209472656,927.6092529296875,26.011308670043945,48.146427154541016,39.49100112915039,96.52806854248047,96.57449340820312,40.19131851196289,147.0611114501953,89.321533203125,53.76906967163086,31.702394485473633,140.78924560546875,130.0813446044922,53.42261505126953,55.622291564941406,1.749842882156372,141.92454528808594,19.75522232055664,67.09880828857422,168.8681182861328,49.76506042480469,76.4252700805664,68.78304290771484,13.182000160217285,24.852916717529297,25.201993942260742,77.18985748291016,54.8120002746582
2016-11-01,27333.67578125,171.02943420410156,1014.587158203125,25.319438934326172,53.58790588378906,37.528499603271484,94.25240325927734,89.29032135009766,38.503082275390625,180.93035888671875,85.70985412597656,62.69132995605469,30.169620513916016,146.01939392089844,117.59854125976562,53.72574996948242,53.025299072265625,2.267221450805664,140.18368530273438,20.02310562133789,64.23602294921875,168.27427673339844,53.3768196105957,72.40564727783203,70.87745666503906,12.626667022705078,23.726139068603516,25.913894653320312,72.33451080322266,57.430233001708984
2016-12-01,28210.365234375,167.49761962890625,1049.530517578125,26.66986656188965,55.87297439575195,37.493499755859375,102.5416488647461,83.39271545410156,39.32537078857422,198.17626953125,89.33395385742188,67.47706604003906,31.261634826660156,155.56887817382812,114.25191497802734,55.77615737915039,56.63008499145508,2.628693103790283,150.9335479736328,20.436735153198242,65.49799346923828,172.6537322998047,53.93085479736328,75.1985092163086,77.65934753417969,14.246000289916992,22.974956512451172,28.084190368652344,73.14297485351562,59.90324783325195
2017-01-01,31366.859375,180.4771270751953,1004.6683959960938,27.94325828552246,55.80183792114258,41.17399978637695,110.94970703125,96.21359252929688,40.70196533203125,189.79234313964844,87.81417846679688,66.17896270751953,31.344587326049805,160.02838134765625,129.416015625,58.029117584228516,56.04867172241211,2.6887834072113037,146.53787231445312,19.96483612060547,68.24006652832031,172.9506378173828,52.24069595336914,79.61837005615234,77.29367065429688,16.795333862304688,24.70108413696289,27.240978240966797,77.53980255126953,55.67564010620117
2017-02-01,30556.0546875,182.77279663085938,971.250732421875,31.544679641723633,61.63454055786133,42.25199890136719,111.21472930908203,97.72361755371094,41.9296875,205.30213928222656,94.76177978515625,71.2551498413086,31.638656616210938,162.47256469726562,134.5997772216797,57.427738189697266,57.56036376953125,2.499154806137085,152.8050079345703,21.468643188476562,71.50540924072266,181.63528442382812,57.03767013549805,81.07133483886719,81.64869689941406,16.666000366210938,25.14859390258789,27.468666076660156,82.4428939819336,53.96999740600586
2017-03-01,32749.982421875,196.72360229492188,921.96337890625,33.2239990234375,63.42169189453125,44.32699966430664,121.3683853149414,102.4056167602539,42.07211685180664,190.62030029296875,97.21526336669922,69.06917572021484,32.00057601928711,176.53724670410156,141.06459045410156,59.47358703613281,59.575927734375,2.6860122680664062,156.8090057373047,21.74457359313965,70.5475082397461,189.8745880126953,59.34498977661133,85.41289520263672,88.24178314208984,18.553333282470703,26.2434024810791,27.6817626953125,83.47332763671875,54.925636291503906
2017-04-01,35587.80859375,214.91256713867188,937.4797973632812,33.221683502197266,66.00017547607422,46.2495002746582,120.5001220703125,109.68978118896484,45.87935256958008,185.7079620361328,96.3722915649414,68.40867614746094,32.8231086730957,194.24667358398438,149.20773315429688,61.821449279785156,59.4208869934082,2.5718448162078857,159.15916442871094,21.56024169921875,68.5688705444336,199.55987548828125,60.7406005859375,87.16169738769531,90.4409408569336,20.937999725341797,26.42719841003418,27.898052215576172,85.68063354492188,54.68452835083008
2017-05-01,35651.609375,236.28021240234375,921.4796752929688,35.328556060791016,66.22211456298828,49.73099899291992,121.82572174072266,116.29965209960938,48.9843864440918,175.30239868164062,100.10323333740234,64.96625518798828,34.58787155151367,197.2869110107422,150.40933227539062,63.0676383972168,66.05030822753906,3.559403896331787,168.7720489501953,20.753002166748047,69.69522094726562,203.77645874023438,61.834632873535156,93.58267974853516,87.3139877319336,22.733999252319336,28.257211685180664,27.957199096679688,89.44712829589844,53.91433334350586
2017-06-01,37916.7109375,247.1420135498047,915.4212036132812,33.444725036621094,65.25238800048828,48.400001525878906,120.27510833740234,133.81202697753906,46.13541793823242,184.75128173828125,103.94132995605469,72.2813949584961,34.11626434326172,189.6004180908203,149.93267822265625,62.60266876220703,66.68962860107422,3.568336009979248,161.63832092285156,21.557140350341797,68.95150756835938,187.2167510986328,60.684505462646484,92.25588989257812,82.70947265625,24.107332229614258,27.93755531311035,25.600313186645508,88.24146270751953,54.57893371582031
2017-07-01,38556.28515625,277.4151611328125,968.3925170898438,34.538516998291016,63.983585357666016,49.388999938964844,138.75341796875,147.1552276611328,46.92047882080078,187.60704040527344,104.27919006347656,72.59772491455078,35.15629959106445,184.7366485595703,168.075927734375,66.02661895751953,65.29109191894531,4.011415481567383,155.1692657470703,21.281185150146484,71.85515594482422,187.75340270996094,58.48200988769531,93.29593658447266,78.86093139648438,21.564666748046875,29.67299461364746,25.74922752380371,93.68008422851562,54.11246109008789
2017-08-01,37052.421875,291.2239685058594,960.4700927734375,38.08454895019531,63.99266052246094,49.029998779296875,144.27288818359375,163.1006317138672,47.40383529663086,186.28323364257812,104.004150390625,72.2734375,34.93387222290039,191.2940673828125,170.77706909179688,67.90660095214844,65.01139831542969,4.18247652053833,157.1631317138672,21.768924713134766,73.5750961303711,186.6800994873047,59.16303634643555,92.502685546875,75.45907592773438,23.726667404174805,30.50642204284668,26.039920806884766,97.40624237060547,51.6042594909668
2017-09-01,41020.03515625,297.59716796875,1042.3343505859375,35.93074035644531,72.87422943115234,48.067501068115234,158.01622009277344,164.02183532714844,48.32089614868164,198.15599060058594,102.79971313476562,75.94713592529297,34.51972198486328,202.75868225097656,169.68470764160156,68.01272583007812,64.81160736083984,4.416665077209473,159.4228973388672,23.135087966918945,72.54647827148438,189.51669311523438,60.865623474121094,96.64525604248047,81.91915130615234,22.739999771118164,30.985015869140625,27.238672256469727,99.18411254882812,55.96125411987305
2017-10-01,44179.4375,309.63568115234375,1102.0,39.40910339355469,79.52635192871094,55.263999938964844,166.830810546875,175.58909606933594,51.2646598815918,202.57537841796875,110.23236083984375,80.0025405883789,35.54424285888672,222.43092346191406,178.81094360351562,75.94710540771484,67.04924774169922,5.109416484832764,169.3037567138672,22.720338821411133,68.8465805053711,176.71360778808594,58.89497756958008,100.65560913085938,84.18704986572266,22.101999282836914,34.929317474365234,29.08473014831543,103.65137481689453,56.89643096923828
2017-11-01,40746.46875,352.3013000488281,1110.5133056640625,40.06421661376953,79.10945892333984,58.837501525878906,162.00360107421875,168.1719970703125,51.41998291015625,206.88623046875,110.16907501220703,83.59750366210938,35.38190460205078,212.35597229003906,175.95091247558594,76.85102081298828,67.32896423339844,4.958709716796875,164.65135192871094,23.49798583984375,72.29478454589844,190.28335571289062,55.49705123901367,99.90643310546875,78.48294067382812,20.59000015258789,32.67661666870117,28.80221939086914,106.11116027832031,56.85547637939453
2017-12-01,40874.80859375,359.38275146484375,1137.15673828125,39.59524154663086,75.22149658203125,58.4734992980957,160.4345245361328,163.7559051513672,52.275020599365234,213.50331115722656,111.15399932861328,85.53305053710938,35.75771713256836,213.1376495361328,175.23593139648438,78.4941177368164,66.9693374633789,4.783903121948242,163.8980712890625,23.686542510986328,73.81311798095703,188.9800567626953,52.05564880371094,99.03384399414062,79.82305908203125,20.75666618347168,32.71786880493164,27.97591209411621,107.64927673339844,57.62278747558594
2018-01-01,40384.8671875,410.3690490722656,1179.25048828125,39.17408752441406,83.8311996459961,72.54450225830078,187.3305206298828,194.01318359375,58.667720794677734,224.50706481933594,109.93680572509766,92.51554107666016,37.090457916259766,220.82177734375,185.5935516357422,87.18409729003906,64.2681884765625,6.0769171714782715,162.2586669921875,24.222797393798828,69.36248779296875,175.90859985351562,51.526763916015625,99.81828308105469,83.95337677001953,23.62066650390625,37.3883171081543,28.71026039123535,117.28881072998047,60.14430236816406
2018-02-01,38086.40234375,382.574462890625,1140.625244140625,41.67525863647461,89.1238784790039,75.62249755859375,180.3434295654297,176.77622985839844,54.782081604003906,220.35020446777344,103.3258056640625,92.86080169677734,33.6845817565918,215.48919677734375,177.08303833007812,86.04622650146484,60.1605110168457,5.982968807220459,156.89730834960938,23.745399475097656,63.56105422973633,168.12709045410156,47.11452865600586,92.1060562133789,74.52442169189453,22.87066650390625,35.77096939086914,28.91650390625,116.07089233398438,52.18018341064453
2018-03-01,39834.515625,362.56939697265625,1075.9871826171875,39.416015625,85.00935363769531,72.36699676513672,183.26930236816406,174.30702209472656,51.468116760253906,211.6654815673828,102.6023178100586,88.41475677490234,33.84825897216797,218.7236785888672,158.68154907226562,84.14561462402344,60.4322395324707,5.729160308837891,162.480224609375,23.424165725708008,64.17627716064453,167.9737548828125,47.331878662109375,92.68778228759766,73.61665344238281,17.742000579833984,36.10929870605469,28.39937400817871,113.13301086425781,51.927310943603516
2018-04-01,43207.80859375,346.10504150390625,1152.1759033203125,38.824012756347656,88.27198028564453,78.30650329589844,173.93788146972656,169.55853271484375,50.547080993652344,200.29470825195312,101.27327728271484,87.45799255371094,33.97406768798828,252.9047393798828,170.80685424804688,86.21994018554688,61.51908493041992,5.563661575317383,176.21592712402344,24.163393020629883,58.55841064453125,175.70465087890625,47.66515350341797,97.68531036376953,75.12425994873047,19.593332290649414,31.72766876220703,32.639862060546875,119.99929809570312,54.112693786621094
2018-05-01,41332.76171875,353.3634948730469,1110.45947265625,43.90077590942383,89.6602554321289,81.48100280761719,183.11407470703125,188.0491180419922,54.587554931640625,189.8316650390625,95.7728500366211,86.47122955322266,33.80894470214844,262.8409423828125,190.44964599609375,91.12467193603516,61.32511520385742,6.238771915435791,185.62344360351562,23.71457290649414,59.77837371826172,167.90794372558594,47.54923629760742,99.41284942626953,79.29150390625,18.98200035095215,31.933956146240234,32.4652214050293,123.63105010986328,56.541664123535156
2018-06-01,38031.01953125,349.39508056640625,1150.410888671875,43.654998779296875,92.37834167480469,84.98999786376953,184.34324645996094,176.19691467285156,56.036102294921875,186.02459716796875,97.87046813964844,84.20053100585938,34.485137939453125,252.35557556152344,192.9720458984375,91.30668640136719,63.40282440185547,5.864145755767822,190.9501953125,24.17933464050293,63.7734375,175.46600341796875,52.139244079589844,103.5029067993164,80.51465606689453,22.863332748413086,30.168107986450195,32.56501007080078,125.46856689453125,58.16230010986328
2018-07-01,37985.3671875,315.1476135253906,1172.071533203125,44.876617431640625,97.66709899902344,88.87200164794922,199.2698211669922,177.81138610839844,60.900848388671875,200.2440185546875,106.8880615234375,92.88723754882812,36.98958969116211,264.4336242675781,171.3828125,98.2234115600586,66.53585815429688,6.061186790466309,189.14451599121094,26.6119327545166,66.07730102539062,193.3666229248047,56.48355484008789,103.84296417236328,85.87661743164062,19.875999450683594,35.24882507324219,35.25326156616211,129.5324249267578,57.30460739135742
2018-08-01,39792.2421875,301.6615905761719,1111.9033203125,53.68260192871094,97.90667724609375,100.635498046875,190.93589782714844,166.20611572265625,61.12813186645508,200.564453125,108.6382827758789,93.09142303466797,35.35547637939453,267.3536071777344,174.51097106933594,104.0105209350586,67.09651947021484,6.947862148284912,186.6165771484375,27.671606063842773,68.38349151611328,191.57656860351562,56.194942474365234,107.154052734375,79.63285064697266,20.110666275024414,37.29310607910156,33.99737548828125,139.1473846435547,56.36251449584961
2018-09-01,38149.62109375,286.7559509277344,1138.37744140625,53.423606872558594,99.67573547363281,100.1500015258789,175.07810974121094,156.47174072265625,59.901405334472656,189.74609375,112.18792724609375,91.67774963378906,36.64054489135742,269.521484375,163.31918334960938,106.30697631835938,67.45928192138672,6.960083484649658,187.5194091796875,29.621187210083008,68.61431121826172,189.1500244140625,58.14684295654297,110.07139587402344,78.46659088134766,17.65133285522461,37.77210235595703,35.240631103515625,142.3924102783203,60.38877868652344
2018-10-01,35085.3671875,236.89305114746094,1076.4774169921875,51.79537582397461,90.02880859375,79.90049743652344,160.49600219726562,135.1226043701172,54.12008285522461,190.70230102539062,113.66570281982422,88.57414245605469,38.30422592163086,237.84425354003906,150.737060546875,99.2799301147461,70.18008422851562,5.221673011779785,179.57443237304688,28.942323684692383,73.10726165771484,194.99757385253906,59.87847900390625,95.98583984375,72.33660888671875,22.488000869750977,32.588687896728516,33.17430877685547,130.7801971435547,56.5958366394043
2018-11-01,34630.25,276.8188171386719,1107.071044921875,42.26272201538086,87.18171691894531,84.50849914550781,159.5555419921875,152.7679443359375,55.06643295288086,161.35694885253906,119.27629089355469,90.96980285644531,40.32024002075195,223.4656524658203,139.63462829589844,103.07231903076172,70.19656372070312,4.047706127166748,187.69998168945312,31.0730037689209,78.60195922851562,206.13572692871094,60.61519241333008,92.7821273803711,72.82017517089844,23.365333557128906,32.1524658203125,31.389816284179688,134.4422149658203,56.46797561645508
2018-12-01,32023.677734375,278.59332275390625,1042.4661865234375,37.46098709106445,77.3597183227539,75.09850311279297,144.90826416015625,130.17471313476562,51.85618591308594,141.9258270263672,105.45015716552734,79.8675537109375,38.17976760864258,228.46498107910156,130.1806640625,94.81721496582031,65.79383087158203,3.309731960296631,181.6509552001953,29.56529426574707,76.4478988647461,193.64505004882812,57.46329116821289,89.08624267578125,69.25028991699219,22.18666648864746,31.570837020874023,29.484020233154297,125.39806365966797,48.92560577392578
2019-01-01,38544.234375,306.9850158691406,1086.2412109375,39.527095794677734,92.34149169921875,85.9365005493164,162.98223876953125,160.0141143798828,55.87234115600586,168.2294464111328,108.7431640625,84.67823791503906,38.8087043762207,249.41384887695312,165.53369140625,97.4870834350586,71.26840209960938,3.5638506412506104,189.68621826171875,28.752498626708984,80.2320556640625,209.99432373046875,57.584815979003906,92.54946899414062,68.11246490478516,20.468000411987305,32.178131103515625,31.041900634765625,128.31585693359375,52.57762145996094
2019-02-01,37667.28125,297.9351501464844,1089.821533203125,41.120635986328125,104.66966247558594,81.99150085449219,170.2825927734375,173.8226776123047,55.90509796142578,167.1165008544922,111.65216064453125,86.07527160644531,36.55904769897461,269.25103759765625,160.33004760742188,104.5818099975586,74.50038146972656,3.824413299560547,200.33969116210938,29.618532180786133,82.6102066040039,220.61534118652344,55.82279586791992,95.86949157714844,71.3768081665039,21.325332641601562,33.401268005371094,32.34231948852539,140.7758026123047,56.70320510864258
2019-03-01,37291.44921875,320.2936096191406,1055.6475830078125,45.30385971069336,108.63162994384766,89.0374984741211,175.10606384277344,173.2718505859375,58.40322494506836,163.77357482910156,114.98365020751953,83.49366760253906,37.78466033935547,292.3424987792969,165.53369140625,110.56910705566406,78.30949401855469,4.456238746643066,216.50051879882812,29.017282485961914,87.22061157226562,217.3534698486328,59.80253601074219,103.32392883300781,71.23573303222656,18.657333374023438,35.03498458862305,32.03824996948242,148.70472717285156,58.61677551269531
2019-04-01,38594.94140625,344.2490539550781,1144.0416259765625,47.86063003540039,112.29875183105469,96.32599639892578,194.44644165039062,176.2349090576172,59.498451232910156,175.65631103515625,116.1434555053711,95.71705627441406,39.903934478759766,311.1988525390625,192.05841064453125,122.43787384033203,80.84065246582031,4.491976261138916,221.28553771972656,27.74643898010254,89.257568359375,220.5325927734375,58.85316848754883,115.3154525756836,79.25477600097656,15.912667274475098,37.48128128051758,32.45175552368164,156.5498504638672,58.239540100097656
2019-05-01,35775.02734375,289.2402038574219,1057.720703125,41.754920959472656,107.32373809814453,88.75350189208984,177.15586853027344,141.75146484375,54.91011428833008,155.66978454589844,107.87687683105469,88.06363677978516,39.96085739135742,305.3625793457031,176.2389373779297,115.95035552978516,84.23778533935547,3.3617851734161377,220.52609252929688,28.368188858032227,86.87398529052734,216.01686096191406,54.86582946777344,110.14298248291016,75.31949615478516,12.343999862670898,32.80253601074219,30.548999786376953,153.59841918945312,51.34046173095703
2019-06-01,39562.96875,313.7717590332031,1108.088134765625,47.38651657104492,116.4994125366211,94.68150329589844,195.88414001464844,160.9258270263672,53.73400115966797,175.3169708251953,115.34809875488281,92.91727447509766,41.41680145263672,337.55816650390625,191.66119384765625,126.0527572631836,85.51551818847656,4.080438137054443,229.7911376953125,29.86054039001465,92.563720703125,225.49993896484375,60.082908630371094,124.08888244628906,77.66580963134766,14.897333145141602,33.503910064697266,32.27492141723633,165.4868621826172,56.22884750366211
2019-07-01,38472.07421875,327.6539001464844,1163.7576904296875,51.00659942626953,119.65763854980469,93.33899688720703,209.90213012695312,164.40170288085938,60.45323181152344,188.6242218017578,107.84478759765625,96.40792083740234,43.141841888427734,338.4599914550781,192.88265991210938,128.2264404296875,89.44181060791016,4.191995620727539,221.99383544921875,26.7724666595459,99.64634704589844,218.9315643310547,59.72673797607422,111.59837341308594,73.50035858154297,16.107332229614258,37.648990631103516,31.221847534179688,169.73016357421875,54.563194274902344
2019-08-01,37326.81640625,289.0331115722656,1153.1541748046875,49.97706985473633,117.11610412597656,88.81449890136719,209.71371459960938,166.22511291503906,59.080108642578125,174.7257080078125,106.30439758300781,91.95134735107422,45.11736297607422,326.8263244628906,184.38201904296875,129.72254943847656,93.92660522460938,4.161932945251465,228.0482177734375,24.504667282104492,102.15234375,222.17469787597656,61.83212661743164,108.07888793945312,67.5306396484375,15.040666580200195,37.648990631103516,30.129899978637695,172.41915893554688,50.24861145019531
2019-09-01,41610.91796875,293.83843994140625,1195.5689697265625,53.82722091674805,111.37896728515625,86.79550170898438,234.0285186767578,158.81748962402344,60.59912872314453,178.68495178222656,107.95204162597656,98.50495910644531,44.62553024291992,328.85546875,176.84469604492188,131.25912475585938,91.62499237060547,4.329202651977539,235.6620330810547,24.998306274414062,105.67838287353516,238.47244262695312,67.32514953613281,106.91781616210938,72.950927734375,16.058000564575195,41.049163818359375,31.78607940673828,164.25509643554688,52.45577621459961
2019-10-01,43066.0390625,285.4735412597656,1266.6383056640625,59.78504943847656,119.9940185546875,88.83300018310547,246.79356384277344,167.78262329101562,62.468013763427734,183.9878387451172,110.17150115966797,104.55635833740234,44.943546295166016,344.9532165527344,190.32054138183594,135.3565673828125,89.12026977539062,4.999462127685547,240.15695190429688,26.695938110351562,105.788818359375,243.6860809326172,65.39389038085938,120.26100158691406,76.75995635986328,20.994667053222656,45.925758361816406,31.730236053466797,170.79632568359375,50.19737243652344
2019-11-01,42980.58984375,295.26226806640625,1282.7611083984375,64.22879791259766,124.64726257324219,90.04000091552734,254.94239807128906,189.9390106201172,64.71552276611328,190.86000061035156,114.71887969970703,111.16477966308594,44.09305191040039,367.3187561035156,200.2412567138672,142.91883850097656,87.93560791015625,5.390426158905029,237.31326293945312,26.800304412841797,104.36966705322266,253.0459747314453,66.88981628417969,123.31787109375,86.96195220947266,21.996000289916992,47.22444152832031,32.070186614990234,176.1915740966797,50.61338806152344
2019-12-01,47680.25,334.2389831542969,1295.52490234375,70.78543853759766,121.91886138916016,92.39199829101562,280.0061950683594,201.43032836914062,66.46728515625,199.3759765625,122.55419921875,117.61056518554688,46.044578552246094,373.54150390625,203.8262176513672,149.3922119140625,88.66331481933594,5.8563408851623535,242.17510986328125,27.522947311401367,106.79805755615234,257.80804443359375,70.93441009521484,121.53999328613281,86.53129577636719,27.8886661529541,51.6809196472168,33.12033462524414,179.72927856445312,52.4643440246582
2020-01-01,48502.875,331.9253234863281,1285.1124267578125,74.60858154296875,124.49776458740234,100.43599700927734,265.5489807128906,196.19749450683594,71.10177612304688,206.15682983398438,125.07470703125,111.6710205078125,48.581817626953125,358.48736572265625,200.50936889648438,161.2621307373047,90.01721954345703,5.884465217590332,231.0753936767578,26.160144805908203,106.55864715576172,266.2647705078125,68.82109069824219,118.61918640136719,82.89302825927734,43.371334075927734,48.31572723388672,29.71743392944336,190.31790161132812,46.705135345458984
2020-02-01,46610.9296875,343.4937744140625,1196.94140625,65.89449310302734,101.00727081298828,94.1875,261.81170654296875,197.53656005859375,66.46034240722656,174.09083557128906,112.98477172851562,98.58991241455078,44.497283935546875,336.3143310546875,191.13487243652344,153.47515869140625,83.64544677734375,6.721725940704346,221.07650756835938,23.716508865356445,97.39463806152344,254.2775421142578,66.4307632446289,112.08819580078125,69.2012710571289,44.53266525268555,48.22615051269531,26.179527282714844,173.8563232421875,38.67533874511719
2020-03-01,41064.05859375,338.3324279785156,1091.8079833984375,61.443058013916016,55.4465446472168,97.48600006103516,247.5530242919922,184.69668579101562,57.66181945800781,134.86705017089844,110.87276458740234,76.44517517089844,36.810707092285156,306.93157958984375,165.64292907714844,149.8097686767578,84.15316009521484,6.5646185874938965,219.1501007080078,23.162979125976562,94.61636352539062,257.8490905761719,63.430973052978516,100.23263549804688,59.79657745361328,34.93333435058594,42.80698776245117,24.14000701904297,154.33700561523438,28.957721710205078
2020-04-01,43316.47265625,371.0800476074219,1138.96337890625,70.98969268798828,54.08234405517578,123.69999694824219,272.9005126953125,192.4746856689453,66.83003997802734,160.01885986328125,126.8614730834961,81.31056213378906,38.50979232788086,319.6278076171875,203.2899627685547,170.2327423095703,86.226318359375,7.278855800628662,243.36758422851562,27.22217559814453,101.38572692871094,284.23443603515625,70.59404754638672,107.52556610107422,65.36174774169922,52.12533187866211,48.041690826416016,22.89008140563965,171.196044921875,35.44022750854492
2020-05-01,43922.90625,365.20684814453125,1154.169921875,76.8225326538086,52.979766845703125,122.11849975585938,313.34747314453125,196.95724487304688,71.13849639892578,171.42137145996094,125.77080535888672,83.48529815673828,39.17273712158203,340.0778503417969,223.52857971191406,174.0703582763672,90.16954040527344,8.841314315795898,240.2487030029297,27.10154151916504,100.37340545654297,281.904296875,69.28016662597656,116.19728088378906,76.05211639404297,55.66666793823242,45.509849548339844,23.430110931396484,187.0205841064453,34.67757797241211
2020-06-01,45742.19921875,445.0396423339844,1155.3660888671875,88.38373565673828,59.35227966308594,137.9409942626953,349.9779968261719,204.84921264648438,70.37078857421875,173.48487854003906,119.72943115234375,80.697021484375,37.49439239501953,354.1343688964844,225.49485778808594,193.85386657714844,90.93354034423828,9.461169242858887,262.0811767578125,23.436819076538086,103.53389739990234,278.2184143066406,74.39134216308594,128.8248748779297,80.86085510253906,71.98733520507812,51.33308410644531,23.673982620239258,185.3475341796875,34.766876220703125
2020-07-01,50495.86328125,476.6369323730469,1062.24658203125,102.97866821289062,57.94135665893555,158.23399353027344,336.36993408203125,238.39244079589844,73.83958435058594,173.78338623046875,124.09701538085938,82.91048431396484,40.002830505371094,332.5961608886719,251.9103240966797,195.28269958496094,93.85063171386719,10.578691482543945,259.6043701171875,27.57947540283203,113.53485107421875,267.8387451171875,72.6679916381836,146.5106964111328,83.60870361328125,95.38400268554688,71.86791229248047,22.240345001220703,182.6897430419922,32.71445846557617
2020-08-01,47094.5859375,473.5129089355469,1197.05615234375,125.05524444580078,64.3232192993164,172.54800415039062,355.826416015625,272.5909423828125,80.8655014038086,179.84945678710938,130.6100616455078,86.7937240600586,41.94199752807617,358.5275573730469,291.1661376953125,214.8291015625,94.25,13.329066276550293,257.3479919433594,27.349655151367188,120.53376007080078,267.4998474121094,69.64803314208984,152.20660400390625,89.27420806884766,166.10667419433594,72.19587707519531,23.51934242248535,203.40541076660156,31.05073356628418
2020-09-01,50757.4921875,456.55389404296875,1184.4127197265625,112.4361343383789,57.99742126464844,157.43649291992188,351.1572265625,279.1913757324219,72.73046112060547,177.49388122558594,127.59696960449219,83.3978500366211,41.8065071105957,364.5516662597656,260.0832214355469,200.8346710205078,94.92717742919922,13.484537124633789,257.9985656738281,26.560792922973633,121.10881805419922,267.0337829589844,70.02552032470703,143.37289428710938,92.37137603759766,143.00332641601562,73.85386657714844,20.748180389404297,192.16224670410156,27.215858459472656
2020-10-01,49665.75390625,527.5138549804688,1179.62451171875,105.68861389160156,58.483306884765625,151.8074951171875,343.4925231933594,289.3625793457031,80.19953155517578,166.95755004882812,117.50955200195312,84.93119812011719,41.02664566040039,367.1986999511719,261.2848205566406,193.3294677734375,89.50971984863281,12.495159149169922,258.091552734375,25.67784881591797,119.46197509765625,249.74838256835938,63.493194580078125,98.30258178710938,86.22356414794922,129.34666442871094,76.79911041259766,18.773399353027344,174.61521911621094,25.86021614074707
2020-11-01,58528.3671875,502.521728515625,1213.6104736328125,115.58175659179688,81.97380828857422,158.40199279785156,416.25927734375,250.1116485595703,87.06218719482422,203.64508056640625,123.99738311767578,103.06599426269531,44.04856491088867,440.76617431640625,275.0487365722656,204.40576171875,87.84281158447266,13.359972953796387,285.1367492675781,29.223201751708984,121.67615509033203,253.39187622070312,69.5167236328125,111.48873138427734,95.89910125732422,189.1999969482422,88.84046936035156,26.04790496826172,202.13697814941406,30.2283878326416
2020-12-01,71076.4375,505.19940185546875,1379.7255859375,129.04664611816406,83.88928985595703,162.84649658203125,465.5967102050781,221.02252197265625,86.97484588623047,232.905029296875,135.81910705566406,111.1010971069336,47.181480407714844,466.3230895996094,271.26513671875,212.93479919433594,90.5168228149414,13.014546394348145,288.85430908203125,28.367759704589844,121.91271209716797,261.8227233886719,64.58465576171875,119.98196411132812,100.62555694580078,235.22332763671875,99.84710693359375,25.666181564331055,210.50650024414062,33.466461181640625
2021-01-01,73764.7734375,608.2921752929688,1265.8035888671875,128.33668518066406,77.74102783203125,160.30999755859375,509.9301452636719,241.0610809326172,90.68282318115234,240.79905700683594,140.78135681152344,112.50003814697266,41.425758361816406,456.71405029296875,256.5379943847656,222.0679931640625,86.85308074951172,12.953322410583496,269.615966796875,27.66646385192871,112.33597564697266,260.25518798828125,63.31266403198242,116.12641143798828,109.547607421875,264.510009765625,111.74443817138672,25.37171173095703,185.9844512939453,36.40553283691406
2021-02-01,74214.5390625,591.333251953125,1365.16015625,117.93048858642578,89.61709594726562,154.64649963378906,541.3663330078125,225.79946899414062,100.33737182617188,283.6982421875,136.75111389160156,129.601806640625,42.14845275878906,481.1856994628906,255.8329315185547,222.47007751464844,82.4774398803711,13.676039695739746,281.419189453125,26.08995819091797,108.88825988769531,252.45980834960938,62.20478439331055,113.50391387939453,109.58186340332031,225.1666717529297,115.80887603759766,28.433603286743164,204.40481567382812,44.14291763305664
2021-03-01,73225.015625,544.472900390625,1493.9947509765625,118.97355651855469,90.20574951171875,154.70399475097656,589.3558959960938,215.3243408203125,102.35265350341797,290.3760070800781,142.71865844726562,134.05780029296875,45.34893798828125,520.6888427734375,292.48687744140625,226.23533630371094,91.4544448852539,13.310818672180176,303.72454833984375,28.224515914916992,119.37777709960938,258.8147888183594,69.13922119140625,112.98861694335938,123.04035949707031,222.64332580566406,108.76508331298828,29.470914840698242,204.08596801757812,46.09807586669922
2021-04-01,73640.78125,556.0763549804688,1432.0413818359375,128.0414581298828,93.38267517089844,173.37100219726562,618.70166015625,219.33204650878906,116.79254913330078,310.6390686035156,141.31187438964844,135.44918823242188,46.828128814697266,573.9400634765625,322.8249816894531,241.98175048828125,94.52781677246094,14.972574234008789,317.52593994140625,30.10979461669922,117.60601806640625,259.76409912109375,71.6175765991211,128.76966857910156,122.0033187866211,236.47999572753906,107.75342559814453,27.74213981628418,225.12789916992188,47.26228332519531
2021-05-01,72737.21875,552.506103515625,1606.134765625,121.36958312988281,99.66175842285156,161.15350341796875,644.8301391601562,203.19674682617188,116.95878601074219,331.65142822265625,146.97372436523438,145.48599243164062,47.96456527709961,601.4367065429688,326.44964599609375,239.5828094482422,98.60246276855469,16.20453453063965,346.3360595703125,30.172109603881836,119.62703704833984,272.9443359375,71.37138366699219,128.7604522705078,116.57195281982422,208.4066619873047,108.32572174072266,28.555767059326172,219.0938720703125,48.1953125
2021-06-01,72917.9140625,522.8076782226562,1710.978515625,133.62503051757812,101.32495880126953,172.00799560546875,661.4114379882812,215.371826171875,121.17394256591797,339.4892272949219,143.9498291015625,137.77940368652344,46.940914154052734,610.015380859375,345.2980041503906,260.5448913574219,102.62850189208984,19.95329475402832,353.3887939453125,30.807697296142578,119.6980209350586,304.2364501953125,75.3017349243164,131.37045288085938,117.4332275390625,226.56666564941406,110.91016387939453,28.744104385375977,225.70587158203125,52.843055725097656
2021-07-01,71244.09375,428.80975341796875,1727.71826171875,142.30833435058594,108.10861206054688,166.37950134277344,734.0781860351562,185.3709716796875,133.7161865234375,335.3298034667969,150.46839904785156,134.44874572753906,49.84682083129883,621.6383056640625,353.82843017578125,274.01947021484375,102.25440979003906,19.455488204956055,362.8864440917969,33.6792106628418,126.17389678955078,305.8076171875,74.04045867919922,134.41949462890625,115.6403579711914,229.06666564941406,108.07413482666016,28.111347198486328,237.8396453857422,48.22724914550781
2021-08-01,69610.4765625,430.77923583984375,1690.1859130859375,148.13291931152344,108.10861206054688,173.5395050048828,797.5538330078125,158.58956909179688,143.61241149902344,369.88421630859375,151.28103637695312,142.50230407714844,49.21751403808594,578.19091796875,376.7482604980469,290.3407897949219,103.09166717529297,22.335044860839844,372.6662292480469,36.572147369384766,127.11032104492188,320.9954528808594,74.67108917236328,140.42401123046875,123.77860260009766,245.24000549316406,110.27008056640625,28.60540771484375,221.14964294433594,45.672218322753906
2021-09-01,67250.8203125,413.05389404296875,1762.0787353515625,138.26132202148438,107.54798126220703,164.2519989013672,713.369384765625,140.60235595703125,132.67355346679688,339.79052734375,141.9573211669922,145.83433532714844,45.86117935180664,572.0105590820312,337.0357360839844,271.662841796875,100.3838882446289,20.673416137695312,335.56890869140625,34.143009185791016,124.79825592041016,298.4755859375,70.80203247070312,126.30117797851562,124.72777557373047,258.49334716796875,103.45059967041016,31.661653518676758,215.3131561279297,50.02019500732422
2021-10-01,63649.40625,430.6002197265625,1788.4715576171875,146.37132263183594,103.3432388305664,168.6215057373047,778.252685546875,156.6427001953125,146.93580627441406,371.5377502441406,143.17031860351562,151.35804748535156,49.64180374145508,624.682373046875,321.325439453125,319.5545654296875,107.61651611328125,25.514442443847656,371.3967590332031,34.72250747680664,127.64591217041016,309.03717041015625,73.65695190429688,135.410888671875,123.28643798828125,371.3333435058594,105.7827377319336,33.81004333496094,204.69970703125,54.824928283691406
2021-11-01,65017.23046875,411.26348876953125,1783.5692138671875,161.51657104492188,92.24272155761719,175.35350036621094,757.7928466796875,121.1146011352539,140.83340454101562,342.4511413574219,137.06129455566406,142.35719299316406,46.1896858215332,633.3534545898438,322.209228515625,318.5619812011719,105.10469818115234,32.608829498291016,373.794677734375,42.6529541015625,129.86544799804688,313.92523193359375,71.46676635742188,120.1282958984375,124.1653060913086,381.586669921875,108.9925308227539,31.658430099487305,187.3006591796875,50.887603759765625
2021-12-01,71400.390625,408.9359130859375,1876.7139892578125,173.7589569091797,104.98775482177734,166.7169952392578,764.1981811523438,112.81427001953125,143.76576232910156,343.85333251953125,151.3541717529297,141.9269561767578,52.54718780517578,673.5184326171875,334.0167236328125,324.6764221191406,113.51307678222656,29.35054588317871,392.08477783203125,47.28765106201172,146.9316864013672,330.9024353027344,75.48922729492188,131.0430908203125,134.18429565429688,352.260009765625,111.93245697021484,34.79230499267578,209.8435516357422,52.734947204589844
2022-01-01,67142.84375,434.603759765625,2001.50146484375,171.02882385253906,104.76351165771484,149.57350158691406,650.0302124023438,119.4621353149414,134.288818359375,320.48492431640625,152.4336395263672,133.1881866455078,54.14463424682617,669.4420776367188,311.0869445800781,300.2138366699219,106.06666564941406,24.438663482666016,354.3761901855469,42.19452667236328,144.1202392578125,311.5248718261719,79.04295349121094,117.10730743408203,122.9349136352539,312.239990234375,114.5628890991211,39.150115966796875,219.00379943847656,65.46408081054688
2022-02-01,65860.4296875,388.487060546875,1906.128173828125,161.5761260986328,107.3611068725586,153.56300354003906,639.7689819335938,99.89842224121094,134.04421997070312,308.3858642578125,145.60333251953125,127.85526275634766,55.23622512817383,611.3546752929688,209.56613159179688,288.44580078125,106.69017028808594,24.33785629272461,333.8292236328125,37.87568664550781,140.78036499023438,305.37115478515625,79.65655517578125,105.29463958740234,111.31637573242188,290.1433410644531,99.9704360961914,36.07416915893555,209.27223205566406,67.58415222167969
2022-03-01,63753.6328125,345.1373596191406,1981.0008544921875,171.0801544189453,103.11898803710938,162.99749755859375,641.1320190429688,103.32682037353516,138.02462768554688,298.2746887207031,157.810791015625,122.91413879394531,55.02323532104492,601.6270751953125,220.81753540039062,298.2516174316406,107.06427764892578,27.23324966430664,342.15142822265625,41.77299118041992,137.9898681640625,319.8607177734375,78.83843231201172,103.77947235107422,113.57762145996094,359.20001220703125,97.4013442993164,36.42232894897461,215.0926055908203,71.9670181274414
2022-04-01,62057.56640625,348.0888671875,2017.573486328125,154.4630126953125,98.615234375,124.28150177001953,541.1509399414062,92.20588684082031,113.25377655029297,277.66448974609375,160.68692016601562,107.62200164794922,57.77845001220703,573.9266357421875,199.07937622070312,268.4660339355469,112.23043823242188,18.514297485351562,328.0929870605469,39.59436798095703,144.98870849609375,324.7657775878906,86.22713470458984,94.27696228027344,106.45529174804688,290.2533264160156,87.23538208007812,37.91456604003906,206.71275329589844,74.28489685058594
2022-05-01,62057.56640625,334.2538146972656,1915.589599609375,145.8311309814453,103.09996795654297,120.20950317382812,553.1687622070312,91.21820831298828,112.90889739990234,297.07891845703125,159.85879516601562,120.110107421875,56.678504943847656,559.6307373046875,192.29673767089844,263.0003662109375,106.61167907714844,18.63907814025879,313.4046630859375,42.79774475097656,134.2959747314453,292.5042724609375,85.15582275390625,93.37907409667969,110.66722869873047,252.75332641601562,89.46015167236328,44.63041305541992,205.7816619873047,83.65221405029297
2022-06-01,52481.9140625,328.4941711425781,1895.2825927734375,134.15293884277344,87.62264251708984,106.20999908447266,459.9264831542969,107.96133422851562,108.14588165283203,271.6192626953125,159.07582092285156,102.28841400146484,56.258209228515625,545.1057739257812,160.13140869140625,249.0297393798828,101.54533386230469,15.132269859313965,314.1200866699219,42.65053939819336,130.58169555664062,285.4695129394531,85.41004943847656,87.3409652709961,87.75465393066406,224.47332763671875,76.7404556274414,40.43953323364258,191.32643127441406,75.38914489746094
2022-07-01,56878.8359375,284.3736267089844,1928.6759033203125,159.45872497558594,99.40360260009766,134.9499969482422,555.182373046875,84.87425231933594,115.44771575927734,304.87896728515625,156.3963165283203,104.78636932373047,57.799583435058594,632.536376953125,157.99636840820312,272.2135925292969,106.10139465332031,18.13480567932129,351.13153076171875,41.08866882324219,126.14996337890625,282.6465759277344,86.18135833740234,89.73822021484375,98.10372924804688,297.1499938964844,83.49554443359375,40.48149490356445,206.11636352539062,85.3277587890625
2022-08-01,55304.01171875,303.282470703125,1896.636474609375,154.26806640625,92.77859497070312,126.7699966430664,473.51513671875,90.61040496826172,107.40845489501953,304.2205810546875,144.58506774902344,104.21956634521484,55.583797454833984,606.766357421875,161.7997589111328,253.52877807617188,104.40654754638672,15.070570945739746,327.4270324707031,37.079017639160156,126.0822982788086,282.6465759277344,72.85652923583984,82.04582214355469,91.36102294921875,275.6099853515625,78.654541015625,41.23807907104492,193.09503173828125,84.14813995361328
2022-09-01,49189.99609375,246.92677307128906,1693.118896484375,135.7935333251953,84.24853515625,113.0,402.3878173828125,75.96611022949219,94.9327163696289,270.01202392578125,147.37889099121094,95.76140594482422,50.45866775512695,572.0003662109375,134.73880004882812,226.30587768554688,97.57246398925781,12.120157241821289,315.0263366699219,35.87392807006836,115.39720153808594,289.86065673828125,69.50538635253906,78.22369384765625,91.469482421875,265.25,64.69771575927734,39.27338790893555,172.93588256835938,77.60603332519531
2022-10-01,55404.1875,190.57113647460938,1882.8262939453125,150.66989135742188,103.85819244384766,102.44000244140625,457.6767883300781,60.38161087036133,93.80126953125,317.4266052246094,156.9509735107422,115.35355377197266,54.301483154296875,598.801025390625,92.5137710571289,225.55764770507812,99.35843658447266,13.480052947998047,303.4363708496094,38.1611328125,123.0933837890625,298.015625,77.4222640991211,92.48207092285156,100.0018081665039,227.5399932861328,58.4111213684082,45.467735290527344,201.66281127929688,98.49414825439453
2022-11-01,58015.83984375,266.2063293457031,1838.02978515625,145.4523468017578,103.49803161621094,96.54000091552734,589.141845703125,83.1552963256836,100.23267364501953,355.7930603027344,160.58673095703125,127.75790405273438,57.7129020690918,690.9171752929688,117.28074645996094,247.91619873046875,102.36542510986328,16.901750564575195,338.444580078125,41.095970153808594,137.30535888671875,275.8358154296875,76.66869354248047,106.74044799804688,118.60301971435547,194.6999969482422,78.74826049804688,49.76694869995117,211.24171447753906,98.96524047851562
2022-12-01,51579.99609375,309.5854187011719,1657.01513671875,127.8792953491211,105.2229995727539,84.0,530.9420776367188,83.65863037109375,87.56835174560547,318.4603271484375,160.3974151611328,123.98564910888672,58.12220764160156,637.128173828125,119.50521850585938,233.6866455078125,97.62713623046875,14.599384307861328,318.2218933105469,42.365962982177734,139.51461791992188,260.3323974609375,79.6474838256836,99.34650421142578,117.17493438720703,123.18000030517578,70.69120025634766,48.39713668823242,202.69891357421875,98.83008575439453
2023-01-01,57627.7109375,372.994384765625,1733.8092041015625,142.01268005371094,108.84353637695312,103.12999725341797,642.14453125,104.65637969970703,98.09878540039062,339.26251220703125,148.3846435546875,129.40367126464844,56.02976989746094,754.7914428710938,147.93661499023438,241.47232055664062,101.58179473876953,19.517465591430664,360.6228332519531,36.512115478515625,131.064208984375,255.6276092529297,79.49677276611328,114.11512756347656,129.1599578857422,173.22000122070312,88.49981689453125,47.83311462402344,224.60203552246094,103.9463119506836
2023-02-01,56876.86328125,335.3241271972656,1702.725830078125,145.0834197998047,117.54419708251953,94.2300033569336,600.2540893554688,83.37372589111328,89.3846435546875,326.1301574707031,139.15943908691406,133.51698303222656,54.37593460083008,744.4129638671875,173.7264862060547,243.04112243652344,96.6612548828125,23.192781448364258,357.808837890625,33.851802825927734,127.42188262939453,243.5743408203125,78.80526733398438,109.58056640625,130.78689575195312,205.7100067138672,83.09801483154297,49.75321578979492,214.5822296142578,98.48064422607422
2023-03-01,60067.9765625,376.5076599121094,1718.7247314453125,162.54518127441406,116.84284210205078,103.29000091552734,662.8881225585938,97.03984069824219,102.95211791992188,303.3710021972656,141.75160217285156,121.37142944335938,56.67851638793945,796.682373046875,210.46978759765625,281.6304016113281,101.56356811523438,27.74921989440918,392.29241943359375,34.04371643066406,137.73159790039062,233.85110473632812,88.86759185791016,121.83641052246094,138.8580322265625,207.4600067138672,88.77658081054688,46.176963806152344,220.3986053466797,99.0127182006836
2023-04-01,61831.8203125,336.1048278808594,1730.399658203125,167.2569122314453,120.50128173828125,105.44999694824219,620.1860961914062,80.42967224121094,106.5350341796875,320.79656982421875,149.7079620361328,128.7574920654297,59.06523895263672,821.7791137695312,238.6529541015625,300.15179443359375,104.35186004638672,27.725955963134766,412.8013000488281,32.45000457763672,144.8548583984375,260.56512451171875,88.65482330322266,130.2316131591797,138.52310180664062,164.30999755859375,80.87319946289062,49.840946197509766,227.50538635253906,106.84994506835938
2023-05-01,67401.40625,303.11895751953125,1778.388671875,174.7187957763672,117.79486846923828,120.58000183105469,704.0027465820312,75.54823303222656,121.94859313964844,302.54486083984375,141.8064727783203,127.39305877685547,54.931129455566406,773.9119262695312,262.8836975097656,320.7929992675781,100.87847900390625,37.802574157714844,385.9627380371094,31.724075317382812,132.82421875,267.8611755371094,84.11569213867188,125.5815200805664,142.65370178222656,203.92999267578125,94.58231353759766,45.66029357910156,216.06805419921875,92.25897979736328
2023-06-01,68156.609375,325.9150695800781,2151.11865234375,191.46453857421875,127.23460388183594,130.36000061035156,707.8401489257812,79.1570816040039,118.80235290527344,303.56854248046875,152.51451110839844,136.5267333984375,55.44674301147461,820.5994262695312,284.9892883300781,333.38909912109375,100.5979995727539,42.266868591308594,413.1445617675781,30.93714714050293,141.43685913085938,254.19857788085938,90.30812072753906,133.90374755859375,141.90943908691406,261.7699890136719,96.81758880615234,45.20438003540039,232.60133361816406,97.67699432373047
2023-07-01,66219.8359375,348.32415771484375,2223.33544921875,193.9124755859375,128.7918701171875,133.67999267578125,699.6947021484375,97.02084350585938,131.7247314453125,334.9381103515625,154.3665771484375,148.27943420410156,57.455467224121094,806.4315795898438,316.3899230957031,328.8661804199219,99.92485046386719,46.69503402709961,409.37200927734375,30.414216995239258,145.6872100830078,251.50323486328125,89.28732299804688,133.4535369873047,144.1793975830078,267.42999267578125,95.5179672241211,48.20661544799805,232.84620666503906,97.66787719726562
2023-08-01,63468.58203125,319.42822265625,2343.54052734375,185.44334411621094,130.13766479492188,138.00999450683594,645.1185302734375,88.22666931152344,135.1488494873047,308.4344177246094,148.9762420654297,138.30552673339844,55.507198333740234,743.7693481445312,293.8374328613281,320.87750244140625,99.4760971069336,49.31911849975586,392.54052734375,30.173147201538086,144.7666778564453,241.9300994873047,90.71276092529297,136.7225799560547,129.201416015625,258.0799865722656,90.1423568725586,50.6579475402832,240.63284301757812,101.26532745361328
2023-09-01,64891.6328125,300.9505310058594,2494.96240234375,169.2267608642578,122.06293487548828,127.12000274658203,576.2064819335938,82.37654113769531,129.878662109375,307.07733154296875,144.5541534423828,137.06739807128906,51.935367584228516,681.2022094726562,298.12750244140625,309.7742004394531,96.98918151855469,43.46737289428711,380.3522644042969,28.288393020629883,136.8126983642578,232.77525329589844,93.32453155517578,126.5728759765625,126.205810546875,250.22000122070312,83.71669006347656,54.35676193237305,225.7084197998047,107.96277618408203
2023-10-01,63800.45703125,284.2419738769531,2440.065673828125,168.7918243408203,121.3900375366211,133.08999633789062,586.1419067382812,78.38783264160156,123.1495132446289,288.1346740722656,137.6768035888672,131.43423461914062,52.824317932128906,641.3607788085938,299.1801452636719,331.7109375,91.67880249023438,40.75371170043945,383.2058410644531,26.062501907348633,140.72402954101562,217.34674072265625,78.81269073486328,131.15345764160156,116.25150299072266,200.83999633789062,83.57984924316406,55.788028717041016,230.7032470703125,97.19221496582031
2023-11-01,69427.1015625,321.3939208984375,2632.727294921875,187.7496337890625,130.92591857910156,146.08999633789062,669.2947387695312,71.1131591796875,131.53614807128906,324.1313781738281,143.54248046875,148.609375,54.64777374267578,668.17529296875,324.8806457519531,371.73883056640625,92.8848648071289,46.73985290527344,416.9654846191406,25.985750198364258,144.9064178466797,219.39149475097656,78.59197998046875,155.7398223876953,143.26768493652344,240.0800018310547,94.2319107055664,54.95826721191406,251.87965393066406,94.33657836914062
2023-12-01,74863.0078125,288.5665283203125,2440.536865234375,190.55044555664062,134.36727905273438,151.94000244140625,742.804931640625,73.6108627319336,138.64247131347656,369.1131286621094,146.63795471191406,161.95834350585938,55.54477310180664,697.55712890625,351.5046081542969,369.6719055175781,91.16460418701172,49.49007034301758,435.9250793457031,24.8840274810791,138.31805419921875,227.24514770507812,82.5464096069336,151.30606079101562,158.07821655273438,248.47999572753906,100.71028900146484,54.375675201416016,256.02496337890625,92.64179992675781
2024-01-01,69660.03125,265.9608459472656,2826.331298828125,182.50405883789062,142.07672119140625,155.1999969482422,853.599609375,69.4608383178711,139.0493927001953,367.42919921875,148.65872192382812,166.0144500732422,56.07260513305664,741.4239501953125,387.4336242675781,390.8471374511719,92.1462631225586,61.492740631103516,430.16949462890625,23.406028747558594,148.32334899902344,229.6616668701172,85.85708618164062,169.42286682128906,155.06402587890625,187.2899932861328,109.90237426757812,53.05158233642578,268.7204895019531,95.26409912109375
2024-02-01,70330.7578125,272.4477233886719,3411.381591796875,178.8916015625,147.01768493652344,176.75999450683594,933.93310546875,71.25101470947266,137.42169189453125,372.2515563964844,150.97889709472656,178.246826171875,56.57215118408203,807.7457275390625,486.73004150390625,406.6351623535156,85.78878021240234,79.06795501708984,427.26751708984375,23.302032470703125,150.9698028564453,215.58082580566406,80.82669067382812,183.87908935546875,170.19085693359375,201.8800048828125,125.18712615966797,52.70491409301758,277.9446716308594,96.84857177734375
2024-03-01,78954.421875,298.5916748046875,3579.077392578125,169.93345642089844,164.10919189453125,180.3800048828125,954.0394287109375,69.64370727539062,149.79815673828125,402.4870910644531,149.11817932128906,191.8888397216797,57.66551971435547,799.0242919921875,482.72320556640625,414.360107421875,89.51913452148438,90.3056869506836,424.3171691894531,24.34606170654297,154.11378479003906,213.48960876464844,83.64996337890625,190.88699340820312,169.3147430419922,175.7899932861328,132.36737060546875,56.70758819580078,274.9555358886719,108.7093734741211
2024-04-01,74596.7890625,341.24761962890625,3467.900146484375,168.79383850097656,148.69029235839844,175.0,857.6985473632812,72.04023742675781,161.55929565429688,411.1788024902344,136.298095703125,183.6883087158203,58.687320709228516,742.1907958984375,427.6392517089844,383.44464111328125,86.20014190673828,86.35795593261719,425.28448486328125,22.477338790893555,155.0161590576172,213.53790283203125,85.59959411621094,177.36058044433594,168.30052185058594,183.27999877929688,134.16506958007812,61.99555587768555,264.6402893066406,110.60787200927734
2024-05-01,70746.625,353.631591796875,3241.981201171875,190.51612854003906,152.4726104736328,176.44000244140625,946.0541381835938,75.39923095703125,171.2064208984375,439.9038391113281,138.2588348388672,195.2533416748047,59.789432525634766,711.0262451171875,464.0835266113281,408.8546142578125,92.24722290039062,109.57709503173828,444.053466796875,25.144439697265625,157.2981414794922,223.60494995117188,82.5464096069336,178.564453125,168.6449737548828,178.0800018310547,147.54835510253906,60.56745529174805,268.433349609375,109.66329193115234
2024-06-01,78446.921875,369.17730712890625,3136.171142578125,209.00357055664062,125.44026947021484,193.25,1007.5055541992188,69.29722595214844,180.78402709960938,438.49432373046875,138.8917694091797,194.89678955078125,60.47350311279297,690.418212890625,501.25360107421875,440.987548828125,88.54034423828125,123.47700500488281,402.7518615722656,24.91805076599121,157.66140747070312,241.51271057128906,86.14571380615234,199.902587890625,166.21470642089844,197.8800048828125,169.7919921875,56.33740997314453,259.0696105957031,108.53640747070312
2024-07-01,81117.21875,359.06561279296875,2811.114990234375,220.3756103515625,136.883056640625,186.97999572753906,922.7562866210938,77.53943634033203,170.44900512695312,493.4709167480469,150.00047302246094,205.05313110351562,63.901302337646484,631.7869262695312,472.505126953125,412.7691345214844,86.04978942871094,116.96993255615234,393.5191650390625,27.19790267944336,153.68450927734375,276.650634765625,91.3083267211914,209.70396423339844,162.10047912597656,232.07000732421875,162.4781036376953,57.19175720214844,262.2281494140625,111.80797576904297
2024-08-01,71835.6328125,378.6942443847656,2630.475341796875,227.2425079345703,135.76812744140625,178.5,892.064697265625,81.9548110961914,162.34091186523438,494.65362548828125,157.6121368408203,217.81655883789062,69.38758850097656,652.3948974609375,518.757568359375,411.5752258300781,87.86460876464844,119.31893157958984,389.541259765625,26.199947357177734,164.97634887695312,278.0058288574219,96.9306869506836,217.74130249023438,162.57887268066406,214.11000061035156,168.25990295410156,56.926300048828125,272.78948974609375,111.19515228271484
2024-09-01,59460.171875,440.7525329589844,2423.621337890625,231.4794464111328,128.335205078125,186.3300018310547,822.366943359375,104.35618591308594,164.7952117919922,482.81591796875,155.16998291015625,204.30960083007812,68.80354309082031,666.1336059570312,569.63720703125,425.32489013671875,82.01469421386719,121.38805389404297,394.8942565917969,26.136728286743164,166.5728302001953,261.9372253417969,98.55897521972656,227.0471649169922,173.5054931640625,261.6300048828125,170.19046020507812,53.54861831665039,271.93212890625,111.40607452392578
2024-10-01,57557.609375,401.0986633300781,2595.14892578125,224.43572998046875,137.0786590576172,186.39999389648438,663.7659912109375,96.35148620605469,170.2473602294922,504.9327392578125,153.0635223388672,215.02601623535156,62.9608154296875,589.990234375,565.33984375,401.65185546875,78.75186920166016,132.71456909179688,338.12298583984375,25.558719635009766,158.85971069335938,259.32366943359375,93.01323699951172,231.54647827148438,170.6925048828125,249.85000610351562,187.41162109375,53.212181091308594,286.6685485839844,110.9878921508789
2024-11-01,52696.328125,394.5557861328125,2468.41455078125,235.78118896484375,144.3159637451172,207.88999938964844,679.2151489257812,85.91783142089844,168.09823608398438,593.4586181640625,148.4197235107422,243.4451446533203,61.77507019042969,573.252197265625,572.05322265625,418.5639953613281,73.82867431640625,138.2026824951172,322.8006286621094,23.671167373657227,173.4145965576172,247.3206329345703,88.20500946044922,235.4709930419922,175.2468719482422,345.1600036621094,181.62818908691406,50.95947265625,311.6216125488281,112.10936737060547
2024-12-01,51724.06640625,416.1671142578125,3043.555419921875,249.05947875976562,151.3772430419922,219.38999938964844,685.6154174804688,83.3807144165039,188.3456573486328,558.4012451171875,139.58251953125,233.6866912841797,60.475765228271484,614.8553466796875,583.1990966796875,417.4606018066406,72.28413391113281,134.24403381347656,335.7657165527344,24.332332611083984,162.1831817626953,247.3206329345703,89.785400390625,244.00384521484375,181.4086456298828,403.8399963378906,194.24752807617188,49.47620391845703,313.16534423828125,103.07476043701172
